[
{
  "model": "auth.permission",
  "pk": 1,
  "fields": {
    "name": "Can add log entry",
    "content_type": 1,
    "codename": "add_logentry"
  }
},
{
  "model": "auth.permission",
  "pk": 2,
  "fields": {
    "name": "Can change log entry",
    "content_type": 1,
    "codename": "change_logentry"
  }
},
{
  "model": "auth.permission",
  "pk": 3,
  "fields": {
    "name": "Can delete log entry",
    "content_type": 1,
    "codename": "delete_logentry"
  }
},
{
  "model": "auth.permission",
  "pk": 4,
  "fields": {
    "name": "Can view log entry",
    "content_type": 1,
    "codename": "view_logentry"
  }
},
{
  "model": "auth.permission",
  "pk": 5,
  "fields": {
    "name": "Can add permission",
    "content_type": 2,
    "codename": "add_permission"
  }
},
{
  "model": "auth.permission",
  "pk": 6,
  "fields": {
    "name": "Can change permission",
    "content_type": 2,
    "codename": "change_permission"
  }
},
{
  "model": "auth.permission",
  "pk": 7,
  "fields": {
    "name": "Can delete permission",
    "content_type": 2,
    "codename": "delete_permission"
  }
},
{
  "model": "auth.permission",
  "pk": 8,
  "fields": {
    "name": "Can view permission",
    "content_type": 2,
    "codename": "view_permission"
  }
},
{
  "model": "auth.permission",
  "pk": 9,
  "fields": {
    "name": "Can add group",
    "content_type": 3,
    "codename": "add_group"
  }
},
{
  "model": "auth.permission",
  "pk": 10,
  "fields": {
    "name": "Can change group",
    "content_type": 3,
    "codename": "change_group"
  }
},
{
  "model": "auth.permission",
  "pk": 11,
  "fields": {
    "name": "Can delete group",
    "content_type": 3,
    "codename": "delete_group"
  }
},
{
  "model": "auth.permission",
  "pk": 12,
  "fields": {
    "name": "Can view group",
    "content_type": 3,
    "codename": "view_group"
  }
},
{
  "model": "auth.permission",
  "pk": 13,
  "fields": {
    "name": "Can add user",
    "content_type": 4,
    "codename": "add_user"
  }
},
{
  "model": "auth.permission",
  "pk": 14,
  "fields": {
    "name": "Can change user",
    "content_type": 4,
    "codename": "change_user"
  }
},
{
  "model": "auth.permission",
  "pk": 15,
  "fields": {
    "name": "Can delete user",
    "content_type": 4,
    "codename": "delete_user"
  }
},
{
  "model": "auth.permission",
  "pk": 16,
  "fields": {
    "name": "Can view user",
    "content_type": 4,
    "codename": "view_user"
  }
},
{
  "model": "auth.permission",
  "pk": 17,
  "fields": {
    "name": "Can add content type",
    "content_type": 5,
    "codename": "add_contenttype"
  }
},
{
  "model": "auth.permission",
  "pk": 18,
  "fields": {
    "name": "Can change content type",
    "content_type": 5,
    "codename": "change_contenttype"
  }
},
{
  "model": "auth.permission",
  "pk": 19,
  "fields": {
    "name": "Can delete content type",
    "content_type": 5,
    "codename": "delete_contenttype"
  }
},
{
  "model": "auth.permission",
  "pk": 20,
  "fields": {
    "name": "Can view content type",
    "content_type": 5,
    "codename": "view_contenttype"
  }
},
{
  "model": "auth.permission",
  "pk": 21,
  "fields": {
    "name": "Can add session",
    "content_type": 6,
    "codename": "add_session"
  }
},
{
  "model": "auth.permission",
  "pk": 22,
  "fields": {
    "name": "Can change session",
    "content_type": 6,
    "codename": "change_session"
  }
},
{
  "model": "auth.permission",
  "pk": 23,
  "fields": {
    "name": "Can delete session",
    "content_type": 6,
    "codename": "delete_session"
  }
},
{
  "model": "auth.permission",
  "pk": 24,
  "fields": {
    "name": "Can view session",
    "content_type": 6,
    "codename": "view_session"
  }
},
{
  "model": "auth.permission",
  "pk": 25,
  "fields": {
    "name": "Can add dua",
    "content_type": 7,
    "codename": "add_dua"
  }
},
{
  "model": "auth.permission",
  "pk": 26,
  "fields": {
    "name": "Can change dua",
    "content_type": 7,
    "codename": "change_dua"
  }
},
{
  "model": "auth.permission",
  "pk": 27,
  "fields": {
    "name": "Can delete dua",
    "content_type": 7,
    "codename": "delete_dua"
  }
},
{
  "model": "auth.permission",
  "pk": 28,
  "fields": {
    "name": "Can view dua",
    "content_type": 7,
    "codename": "view_dua"
  }
},
{
  "model": "auth.permission",
  "pk": 29,
  "fields": {
    "name": "Can add tag",
    "content_type": 8,
    "codename": "add_tag"
  }
},
{
  "model": "auth.permission",
  "pk": 30,
  "fields": {
    "name": "Can change tag",
    "content_type": 8,
    "codename": "change_tag"
  }
},
{
  "model": "auth.permission",
  "pk": 31,
  "fields": {
    "name": "Can delete tag",
    "content_type": 8,
    "codename": "delete_tag"
  }
},
{
  "model": "auth.permission",
  "pk": 32,
  "fields": {
    "name": "Can view tag",
    "content_type": 8,
    "codename": "view_tag"
  }
},
{
  "model": "auth.permission",
  "pk": 33,
  "fields": {
    "name": "Can add translation",
    "content_type": 9,
    "codename": "add_translation"
  }
},
{
  "model": "auth.permission",
  "pk": 34,
  "fields": {
    "name": "Can change translation",
    "content_type": 9,
    "codename": "change_translation"
  }
},
{
  "model": "auth.permission",
  "pk": 35,
  "fields": {
    "name": "Can delete translation",
    "content_type": 9,
    "codename": "delete_translation"
  }
},
{
  "model": "auth.permission",
  "pk": 36,
  "fields": {
    "name": "Can view translation",
    "content_type": 9,
    "codename": "view_translation"
  }
},
{
  "model": "auth.user",
  "pk": 1,
  "fields": {
    "password": "pbkdf2_sha256$1000000$b1eWEAlhqJj7aGb1SsBtSg$5/18R+Z/uZ+eZ779KR7XJvSqxcaysO1agHbpNzHfUDY=",
    "last_login": null,
    "is_superuser": true,
    "username": "admin",
    "first_name": "",
    "last_name": "",
    "email": "admin@temp.org",
    "is_staff": true,
    "is_active": true,
    "date_joined": "2025-11-21T14:17:26.983Z",
    "groups": [],
    "user_permissions": []
  }
},
{
  "model": "contenttypes.contenttype",
  "pk": 1,
  "fields": {
    "app_label": "admin",
    "model": "logentry"
  }
},
{
  "model": "contenttypes.contenttype",
  "pk": 2,
  "fields": {
    "app_label": "auth",
    "model": "permission"
  }
},
{
  "model": "contenttypes.contenttype",
  "pk": 3,
  "fields": {
    "app_label": "auth",
    "model": "group"
  }
},
{
  "model": "contenttypes.contenttype",
  "pk": 4,
  "fields": {
    "app_label": "auth",
    "model": "user"
  }
},
{
  "model": "contenttypes.contenttype",
  "pk": 5,
  "fields": {
    "app_label": "contenttypes",
    "model": "contenttype"
  }
},
{
  "model": "contenttypes.contenttype",
  "pk": 6,
  "fields": {
    "app_label": "sessions",
    "model": "session"
  }
},
{
  "model": "contenttypes.contenttype",
  "pk": 7,
  "fields": {
    "app_label": "dua_collection",
    "model": "dua"
  }
},
{
  "model": "contenttypes.contenttype",
  "pk": 8,
  "fields": {
    "app_label": "dua_collection",
    "model": "tag"
  }
},
{
  "model": "contenttypes.contenttype",
  "pk": 9,
  "fields": {
    "app_label": "dua_collection",
    "model": "translation"
  }
},
{
  "model": "dua_collection.dua",
  "pk": 1,
  "fields": {
    "title": "Dua seeking guidance to straight path",
    "text": "ٱلْحَمْدُ لِلهِ رَبِّ الْعَـٰلَمِينَ (٢) ٱلرَّحْمَـٰنِ ٱلرَّحِيمِ (٣) مَـٰلِكِ يَوْمِ ٱلدِّينِ (٤) إِيَّاكَ نَعْبُدُ وَإِيَّاكَ نَسْتَعِينُ (٥) ٱهْدِنَا ٱلصِّرَٰطَ ٱلْمُسْتَقِيمَ (٦) صِرَٰطَ ٱلَّذِينَ أَنْعَمْتَ عَلَيْهِمْ غَيْرِ ٱلْمَغْضُوبِ عَلَيْهِمْ وَلَا ٱلضَّآلِّينَ (٧)",
    "source": "https://quran.com/1",
    "tags": [
      1,
      2
    ]
  }
},
{
  "model": "dua_collection.dua",
  "pk": 2,
  "fields": {
    "title": "Durood-o-Salam on Prophets and Hamad of Allah in one Dua",
    "text": "سُبْحَـٰنَ رَبِّكَ رَبِّ ٱلْعِزَّةِ عَمَّا يَصِفُونَ (۱۸۰) وَسَلَـٰمٌ عَلَى ٱلْمُرْسَلِينَ (١٨١) وَٱلْحَمْدُ لِلَّهِ رَبِّ ٱلْعَـٰلَمِينَ (١٨٢) ",
    "source": "https://quran.com/37/180",
    "tags": [
      1,
      2
    ]
  }
},
{
  "model": "dua_collection.dua",
  "pk": 3,
  "fields": {
    "title": "Dua of Ibrahim A.S when building the Kaabah",
    "text": " وَإِذْ يَرْفَعُ إِبْرَٰهِـۧمُ ٱلْقَوَاعِدَ مِنَ ٱلْبَيْتِ وَإِسْمَـٰعِيلُ رَبَّنَا تَقَبَّلْ مِنَّآ ۖ إِنَّكَ أَنتَ ٱلسَّمِيعُ ٱلْعَلِيمُ ١٢٧ رَبَّنَا وَٱجْعَلْنَا مُسْلِمَيْنِ لَكَ وَمِن ذُرِّيَّتِنَآ أُمَّةًۭ مُّسْلِمَةًۭ لَّكَ وَأَرِنَا مَنَاسِكَنَا وَتُبْ عَلَيْنَآ ۖ إِنَّكَ أَنتَ ٱلتَّوَّابُ ٱلرَّحِيمُ ١٢٨",
    "source": "https://quran.com/2/127",
    "tags": [
      1,
      3
    ]
  }
},
{
  "model": "dua_collection.dua",
  "pk": 4,
  "fields": {
    "title": "Dua for seeking goodness in this world and hereafter (Recommended by Allah SW)",
    "text": "وَمِنْهُم مَّن يَقُولُ رَبَّنَآ ءَاتِنَا فِى ٱلدُّنْيَا حَسَنَةًۭ وَفِى ٱلْـَٔاخِرَةِ حَسَنَةًۭ وَقِنَا عَذَابَ ٱلنَّارِ ٢٠١",
    "source": "https://quran.com/2/201",
    "tags": [
      1,
      4
    ]
  }
},
{
  "model": "dua_collection.dua",
  "pk": 5,
  "fields": {
    "title": "Dua given to Prophet (PBUH) on Mairaj",
    "text": "ءَامَنَ ٱلرَّسُولُ بِمَآ أُنزِلَ إِلَيْهِ مِن رَّبِّهِۦ وَٱلْمُؤْمِنُونَ ۚ كُلٌّ ءَامَنَ بِٱللَّهِ وَمَلَـٰٓئِكَتِهِۦ وَكُتُبِهِۦ وَرُسُلِهِۦ لَا نُفَرِّقُ بَيْنَ أَحَدٍۢ مِّن رُّسُلِهِۦ ۚ وَقَالُوا۟ سَمِعْنَا وَأَطَعْنَا ۖ غُفْرَانَكَ رَبَّنَا وَإِلَيْكَ ٱلْمَصِيرُ ٢٨٥لَا يُكَلِّفُ ٱللَّهُ نَفْسًا إِلَّا وُسْعَهَا ۚ لَهَا مَا كَسَبَتْ وَعَلَيْهَا مَا ٱكْتَسَبَتْ ۗ رَبَّنَا لَا تُؤَاخِذْنَآ إِن نَّسِينَآ أَوْ أَخْطَأْنَا ۚ رَبَّنَا وَلَا تَحْمِلْ عَلَيْنَآ إِصْرًۭا كَمَا حَمَلْتَهُۥ عَلَى ٱلَّذِينَ مِن قَبْلِنَا ۚ رَبَّنَا وَلَا تُحَمِّلْنَا مَا لَا طَاقَةَ لَنَا بِهِۦ ۖ وَٱعْفُ عَنَّا وَٱغْفِرْ لَنَا وَٱرْحَمْنَآ ۚ أَنتَ مَوْلَىٰنَا فَٱنصُرْنَا عَلَى ٱلْقَوْمِ ٱلْكَـٰفِرِينَ ٢٨٦",
    "source": "https://quran.com/2/285",
    "tags": [
      1,
      5
    ]
  }
},
{
  "model": "dua_collection.dua",
  "pk": 6,
  "fields": {
    "title": "Dua for submission to the Qadr of Allah",
    "text": "رَبَّنَا لَا تُزِغْ قُلُوبَنَا بَعْدَ إِذْ هَدَيْتَنَا وَهَبْ لَنَا مِن لَّدُنكَ رَحْمَةً ۚ إِنَّكَ أَنتَ ٱلْوَهَّابُ ٨ رَبَّنَآ إِنَّكَ جَامِعُ ٱلنَّاسِ لِيَوْمٍۢ لَّا رَيْبَ فِيهِ ۚ إِنَّ ٱللَّهَ لَا يُخْلِفُ ٱلْمِيعَادَ ٩",
    "source": "https://quran.com/3/8",
    "tags": [
      1,
      6
    ]
  }
},
{
  "model": "dua_collection.dua",
  "pk": 7,
  "fields": {
    "title": "The supplication of Al-Mutaaqin",
    "text": "اَلَّذِيۡنَ يَقُوۡلُوۡنَ رَبَّنَاۤ اِنَّنَاۤ اٰمَنَّا فَاغۡفِرۡ لَنَا ذُنُوۡبَنَا وَقِنَا عَذَابَ النَّارِ​ۚ",
    "source": "https://quran.com/3/16",
    "tags": [
      1,
      6
    ]
  }
},
{
  "model": "dua_collection.dua",
  "pk": 8,
  "fields": {
    "title": "Dua of Followers of Isa A.S",
    "text": "(۵۳) رَبَّنَآ ءَامَنَّا بِمَآ أَنزَلْتَ وَٱتَّبَعْنَا ٱلرَّسُولَ فَٱكْتُبْنَا مَعَ ٱلشَّـٰهِدِين",
    "source": "https://quran.com/3/53",
    "tags": [
      1,
      6
    ]
  }
},
{
  "model": "dua_collection.dua",
  "pk": 9,
  "fields": {
    "title": "Dua Prayed by Muslims in the Battle of Uhud",
    "text": "وَمَا كَانَ قَوۡلَهُمۡ اِلَّاۤ اَنۡ قَالُوۡا رَبَّنَا اغۡفِرۡ لَنَا ذُنُوۡبَنَا وَاِسۡرَافَنَا فِىۡۤ اَمۡرِنَا وَ ثَبِّتۡ اَقۡدَامَنَا وَانۡصُرۡنَا عَلَى الۡقَوۡمِ الۡكٰفِرِيۡنَ",
    "source": "https://quran.com/3/147",
    "tags": [
      1,
      6,
      7
    ]
  }
},
{
  "model": "dua_collection.dua",
  "pk": 10,
  "fields": {
    "title": "Dua for appreciation for the creation and submission to Allah SW",
    "text": "الَّذِیْنَ یَذْكُرُوْنَ اللّٰهَ قِیٰمًا وَّقُعُوْدًا وَّعَلٰی جُنُوْبِهِمْ وَیَتَفَكَّرُوْنَ فِیْ خَلْقِ السَّمٰوٰتِ وَالْاَرْضِ ۚ رَبَّنَا مَا خَلَقْتَ هٰذَا بَاطِلًا ۚ سُبْحٰنَكَ فَقِنَا عَذَابَ النَّارِ ١٩١ رَبَّنَاۤ اِنَّكَ مَنْ تُدْخِلِ النَّارَ فَقَدْ اَخْزَیْتَهٗ ؕ وَمَا لِلظّٰلِمِیْنَ مِنْ اَنْصَارٍ ١٩٢ رَّبَّنَآ إِنَّنَا سَمِعْنَا مُنَادِيًۭا يُنَادِى لِلْإِيمَـٰنِ أَنْ ءَامِنُوا۟ بِرَبِّكُمْ فَـَٔامَنَّا ۚ رَبَّنَا فَٱغْفِرْ لَنَا ذُنُوبَنَا وَكَفِّرْ عَنَّا سَيِّـَٔاتِنَا وَتَوَفَّنَا مَعَ ٱلْأَبْرَارِ ١٩٣ رَبَّنَا وَءَاتِنَا مَا وَعَدتَّنَا عَلَىٰ رُسُلِكَ وَلَا تُخْزِنَا يَوْمَ ٱلْقِيَـٰمَةِ ۗ إِنَّكَ لَا تُخْلِفُ ٱلْمِيعَادَ ١٩٤",
    "source": "https://quran.com/3/191",
    "tags": [
      1,
      6,
      8
    ]
  }
},
{
  "model": "dua_collection.dua",
  "pk": 11,
  "fields": {
    "title": "Dua of Nuh A.S",
    "text": "قَالَ رَبِّ إِنِّىٓ أَعُوذُ بِكَ أَنْ أَسْـَٔلَكَ مَا لَيْسَ لِى بِهِۦ عِلْمٌۭ ۖ وَإِلَّا تَغْفِرْ لِى وَتَرْحَمْنِىٓ أَكُن مِّنَ ٱلْخَـٰسِرِينَ ٤٧",
    "source": "https://quran.com/11/47",
    "tags": [
      1,
      6,
      7
    ]
  }
},
{
  "model": "dua_collection.dua",
  "pk": 12,
  "fields": {
    "title": "Dua of Isa A.S",
    "text": "قَالَ عِيسَى ٱبْنُ مَرْيَمَ ٱللَّهُمَّ رَبَّنَآ أَنزِلْ عَلَيْنَا مَآئِدَةًۭ مِّنَ ٱلسَّمَآءِ تَكُونُ لَنَا عِيدًۭا لِّأَوَّلِنَا وَءَاخِرِنَا وَءَايَةًۭ مِّنكَ ۖ وَٱرْزُقْنَا وَأَنتَ خَيْرُ ٱلرَّٰزِقِينَ ١١٤",
    "source": "https://quran.com/5/114",
    "tags": [
      1,
      9,
      10
    ]
  }
},
{
  "model": "dua_collection.dua",
  "pk": 13,
  "fields": {
    "title": "Dua of an Imam/Guardian of a house",
    "text": "وَٱلَّذِينَ يَقُولُونَ رَبَّنَا هَبْ لَنَا مِنْ أَزْوَٰجِنَا وَذُرِّيَّـٰتِنَا قُرَّةَ أَعْيُنٍۢ وَٱجْعَلْنَا لِلْمُتَّقِينَ إِمَامًا ٧٤",
    "source": "https://quran.com/25/74",
    "tags": [
      1,
      11
    ]
  }
},
{
  "model": "dua_collection.dua",
  "pk": 14,
  "fields": {
    "title": "Dua when waking up in the morning",
    "text": "الحَمْدُ لِلهِ الَّذِي أَحْيَانَا بَعْدَ مَا أَمَاتَنَا وَإِلَيْهِ النُّشُورُ",
    "source": "https://sunnah.com/bukhari:6312",
    "tags": [
      12,
      13,
      14
    ]
  }
},
{
  "model": "dua_collection.dua",
  "pk": 15,
  "fields": {
    "title": "Dua if someone wakes up at night",
    "text": "لَا إِلَهَ إِلَّا اللهُ وَحْدَهُ لَا شَرِيكَ لَهُ ، لَهُ الْمُلْكُ وَلَهُ الْحَمْدُ ، وَهُوَ عَلَى كُلِّ شَيْءٍ قَدِيرٌ ، سُبْحَانَ اللهِ وَالْحَمْدُ لِلهِ ، وَلَا إِلَهَ إِلَّا اللهُ وَاللهُ أَكْـبَرُ ، وَلَا حَوْلَ وَلَا قُوَّةَ إِلَّا بِاللهِ الْعَلِيِّ الْعَظِيمِ رَبِّ اغْفِرْ لِي",
    "source": "https://sunnah.com/abudawud:5060",
    "tags": [
      12,
      13
    ]
  }
},
{
  "model": "dua_collection.dua",
  "pk": 16,
  "fields": {
    "title": "Dua when seeing a bad dream",
    "text": "أَعُوذُ بِاللهِ مِنَ الشَّيْطَانِ الرَّجِيمِ",
    "source": "https://sunnah.com/bukhari:3292",
    "tags": [
      12,
      13,
      15
    ]
  }
},
{
  "model": "dua_collection.dua",
  "pk": 17,
  "fields": {
    "title": "Dua when putting a garment",
    "text": "الحَمْدُ لِلهِ الَّذِي كَسَانِي هَذَا الثَّوْبَ وَرَزَقَنِيهِ مِنْ غَيْرِ حَوْلٍ مِنِّي وَلَا قُوَّةٍ",
    "source": "https://sunnah.com/abudawud:4023",
    "tags": [
      12,
      16
    ]
  }
},
{
  "model": "dua_collection.dua",
  "pk": 18,
  "fields": {
    "title": "Dua when eating the food",
    "text": "الْحَمْدُ لِلَّهِ الَّذِي أَطْعَمَنِي هَذَا الطَّعَامَ وَرَزَقَنِيهِ مِنْ غَيْرِ حَوْلٍ مِنِّي وَلاَ قُوَّةٍ",
    "source": "https://sunnah.com/abudawud:4023",
    "tags": [
      12,
      17,
      18
    ]
  }
},
{
  "model": "dua_collection.dua",
  "pk": 19,
  "fields": {
    "title": "Dua before undressing",
    "text": "بِسمِ الله",
    "source": "https://sunnah.com/tirmidhi:606",
    "tags": [
      12,
      16
    ]
  }
},
{
  "model": "dua_collection.dua",
  "pk": 20,
  "fields": {
    "title": "Dua before entering the toilet",
    "text": "اللَّهُمَّ إِنِّي أَعُوذُ بِكَ مِنَ الْخُبُثِ وَالْخَبَائِثِ",
    "source": "https://sunnah.com/muslim:375a",
    "tags": [
      12,
      19
    ]
  }
},
{
  "model": "dua_collection.dua",
  "pk": 21,
  "fields": {
    "title": "Dua after leaving the toilet",
    "text": "غُفْرَانَكَ",
    "source": "https://sunnah.com/abudawud:30",
    "tags": [
      12,
      19
    ]
  }
},
{
  "model": "dua_collection.dua",
  "pk": 22,
  "fields": {
    "title": "Dua before starting Wudu",
    "text": "بِسْمِ اللهِ",
    "source": "https://sunnah.com/ibnmajah:398",
    "tags": [
      12,
      20
    ]
  }
},
{
  "model": "dua_collection.dua",
  "pk": 23,
  "fields": {
    "title": "Dua afer performing Wudu",
    "text": "أَشْهَدُ أَنْ لَا إِلَهَ إِلَّا اللَّهُ وَحْدَهُ لَا شَرِيكَ لَهُ، وَأَشْهَدُ أَنَّ مُحَمَّدًا عَبْدُهُ وَرَسُولُهُ, ،اللَّهُمَّ اجْعَلْنِي مِنَ التَّوَّابِينَ، وَاجْعَلْنِي مِنَ المُتَطَهِّرِينَ",
    "source": "https://sunnah.com/tirmidhi:55",
    "tags": [
      12,
      20
    ]
  }
},
{
  "model": "dua_collection.dua",
  "pk": 24,
  "fields": {
    "title": "Dua before leaving the house",
    "text": "بِسْمِ اللهِ ، تَوَكَّلْتُ عَلَى اللهِ وَلَا حَوْلَ وَلَا قُوَّةَ إِلَّا بِاللهِ",
    "source": "https://sunnah.com/abudawud:5095",
    "tags": [
      12,
      21
    ]
  }
},
{
  "model": "dua_collection.dua",
  "pk": 25,
  "fields": {
    "title": "Dua when setting out for Mosque",
    "text": "اللَّهُمَّ اجْعَلْ فِي قَلْبِي نُورًا ، وَفِي لِسَانِي نُورًا ، وَاجْعَلْ فِي سَمْعِي نُورًا ، وَاجْعَلْ فِي بَصَرِي نُورًا ، وَاجْعَلْ مِنْ خَلْفِي نُورًا ، وَمِنْ أَمَامِي نُورًا ، وَاجْعَلْ مِنْ فَوْقِي نُورًا ، وَمِنْ تَحْتِي نُورًا ، اللَّهُمَّ أَعْطِنِي نُورًا",
    "source": "https://sunnah.com/muslim:763l",
    "tags": [
      12,
      22
    ]
  }
},
{
  "model": "dua_collection.dua",
  "pk": 26,
  "fields": {
    "title": "Dua when entering the Mosque",
    "text": "أَعُوذُ بِاللَّهِ الْعَظِيمِ وَبِوَجْهِهِ الْكَرِيمِ وَسُلْطَانِهِ الْقَدِيمِ مِنَ الشَّيْطَانِ الرَّجِيمِ",
    "source": "https://sunnah.com/abudawud:466",
    "tags": [
      12,
      22
    ]
  }
},
{
  "model": "dua_collection.dua",
  "pk": 27,
  "fields": {
    "title": "Dua when leaving the Mosque",
    "text": "السَّلامُ عَلَى رَسُولِ الله,اللَّهُمَّ إِنِّي أَسْأَلُكَ مِنْ فَضْلِكَ",
    "source": "https://sunnah.com/abudawud:465",
    "tags": [
      12,
      22
    ]
  }
},
{
  "model": "dua_collection.dua",
  "pk": 28,
  "fields": {
    "title": "Dua while hearing the Adhan",
    "text": "تَقُولُ اللَّهُ أَكْبَرُ اللَّهُ أَكْبَرُ اللَّهُ أَكْبَرُ اللَّهُ أَكْبَرُ تَرْفَعُ بِهَا صَوْتَكَ ثُمَّ تَقُولُ أَشْهَدُ أَنْ لاَ إِلَهَ إِلاَّ اللَّهُ أَشْهَدُ أَنْ لاَ إِلَهَ إِلاَّ اللَّهُ أَشْهَدُ أَنَّ مُحَمَّدًا رَسُولُ اللَّهِ أَشْهَدُ أَنَّ مُحَمَّدًا رَسُولُ اللَّهِ تَخْفِضُ بِهَا صَوْتَكَ ثُمَّ تَرْفَعُ صَوْتَكَ بِالشَّهَادَةِ أَشْهَدُ أَنْ لاَ إِلَهَ إِلاَّ اللَّهُ أَشْهَدُ أَنْ لاَ إِلَهَ إِلاَّ اللَّهُ أَشْهَدُ أَنَّ مُحَمَّدًا رَسُولُ اللَّهِ أَشْهَدُ أَنَّ مُحَمَّدًا رَسُولُ اللَّهِ حَىَّ عَلَى الصَّلاَةِ حَىَّ عَلَى الصَّلاَةِ حَىَّ عَلَى الْفَلاَحِ حَىَّ عَلَى الْفَلاَحِ فَإِنْ كَانَ صَلاَةَ الصُّبْحِ قُلْتَ الصَّلاَةُ خَيْرٌ مِنَ النَّوْمِ الصَّلاَةُ خَيْرٌ مِنَ النَّوْمِ اللَّهُ أَكْبَرُ اللَّهُ أَكْبَرُ لاَ إِلَهَ إِلاَّ اللَّهُ",
    "source": "https://sunnah.com/abudawud:500",
    "tags": [
      12,
      23
    ]
  }
},
{
  "model": "dua_collection.dua",
  "pk": 29,
  "fields": {
    "title": "Dua after hearing the Adhan 1",
    "text": "أَشْهَدُ أَنْ لاَ إِلَهَ إِلاَّ اللَّهُ وَحْدَهُ لاَ شَرِيكَ لَهُ وَأَشْهَدُ أَنَّ مُحَمَّدًا عَبْدُهُ وَرَسُولُهُ رَضِيتُ بِاللَّهِ رَبًّا وَبِمُحَمَّدٍ رَسُولاً وَبِالإِسْلاَمِ دِينًا",
    "source": "https://sunnah.com/abudawud:525",
    "tags": [
      12,
      23
    ]
  }
},
{
  "model": "dua_collection.dua",
  "pk": 30,
  "fields": {
    "title": "Dua after hearing the Adhan 2",
    "text": "اللَّهُمَّ صَلِّ عَلَى مُحَمَّدٍ وَعَلَى آلِ مُحَمَّدٍ، كَمَا صَلَّيْتَ عَلَى آلِ إِبْرَاهِيمَ، إِنَّكَ حَمِيدٌ مَجِيدٌ، اللَّهُمَّ بَارِكْ عَلَى مُحَمَّدٍ وَعَلَى آلِ مُحَمَّدٍ، كَمَا بَارَكْتَ عَلَى آلِ إِبْرَاهِيمَ، إِنَّكَ حَمِيدٌ مَجِيدٌ",
    "source": "https://sunnah.com/bukhari/65",
    "tags": [
      12,
      23
    ]
  }
},
{
  "model": "dua_collection.dua",
  "pk": 31,
  "fields": {
    "title": "Dua after hearing the Adhan 3",
    "text": " اللَّهُمَّ رَبَّ هَذِهِ الدَّعْوَةِ التَّامَّةِ وَالصَّلاَةِ الْقَائِمَةِ آتِ مُحَمَّدًا الْوَسِيلَةَ وَالْفَضِيلَةَ وَابْعَثْهُ مَقَامًا مَحْمُودًا الَّذِي وَعَدْتَهُ",
    "source": "https://sunnah.com/abudawud/2",
    "tags": [
      12,
      23
    ]
  }
},
{
  "model": "dua_collection.dua",
  "pk": 32,
  "fields": {
    "title": "Dua before sleeping",
    "text": "اللَّهُمَّ قِنِي عَذَابَكَ يَوْمَ تَبْعَثُ عِبَادَكَ",
    "source": "https://sunnah.com/abudawud:5045",
    "tags": [
      12,
      13
    ]
  }
},
{
  "model": "dua_collection.dua",
  "pk": 33,
  "fields": {
    "title": "Dua Qunoot (In Witar)",
    "text": "اللَّهُمَّ اهْدِنِي فِيمَنْ هَدَيْتَ وَعَافِنِي فِيمَنْ عَافَيْتَ وَتَوَلَّنِي فِيمَنْ تَوَلَّيْتَ وَبَارِكْ لِي فِيمَا أَعْطَيْتَ وَقِنِي شَرَّ مَا قَضَيْتَ إِنَّكَ تَقْضِي وَلاَ يُقْضَى عَلَيْكَ وَإِنَّهُ لاَ يَذِلُّ مَنْ وَالَيْتَ وَلاَ يَعِزُّ مَنْ عَادَيْتَ تَبَارَكْتَ رَبَّنَا وَتَعَالَيْتَ",
    "source": "https://sunnah.com/abudawud:1425",
    "tags": [
      12,
      24,
      25
    ]
  }
},
{
  "model": "dua_collection.dua",
  "pk": 34,
  "fields": {
    "title": "Dua afer witar prayer",
    "text": "سُبْحَانَ الْمَلِكِ الْقُدُّوسِ",
    "source": "https://sunnah.com/nasai:1730",
    "tags": [
      12,
      24,
      25
    ]
  }
},
{
  "model": "dua_collection.dua",
  "pk": 35,
  "fields": {
    "title": "Dua for anxiety and sorrow",
    "text": "اللَّهُمَّ إِنِّي أَعُوذُ بِكَ مِنَ الْهَمِّ وَالْحَزَنِ وَالْعَجْزِ وَالْكَسَلِ وَالْبُخْلِ وَالْجُبْنِ وَضَلَعِ الدَّيْنِ وَغَلَبَةِ الرِّجَالِ",
    "source": "https://sunnah.com/bukhari:2893",
    "tags": [
      12,
      26,
      27
    ]
  }
},
{
  "model": "dua_collection.dua",
  "pk": 36,
  "fields": {
    "title": "Dua for distress",
    "text": "اللَّهُمَّ رَحْمَتَكَ أَرْجُو فَلاَ تَكِلْنِي إِلَى نَفْسِي طَرْفَةَ عَيْنٍ وَأَصْلِحْ لِي شَأْنِي كُلَّهُ لاَ إِلَهَ إِلاَّ أَنْتَ",
    "source": "https://sunnah.com/abudawud:5090",
    "tags": [
      12,
      26,
      28,
      29
    ]
  }
},
{
  "model": "dua_collection.dua",
  "pk": 37,
  "fields": {
    "title": "Dua when afflicted with doubt in faith",
    "text": "آمَنْتُ بِاللهِ وَرُسُلِهِ",
    "source": "https://sunnah.com/muslim:134b",
    "tags": [
      12,
      30,
      31
    ]
  }
},
{
  "model": "dua_collection.dua",
  "pk": 38,
  "fields": {
    "title": "Dua when afflicted with doubt in faith 2",
    "text": "هُوَ الأَوَّلُ وَالآخِرُ وَالظَّاهِرُ وَالْبَاطِنُ وَهُوَ بِكُلِّ شَىْءٍ عَلِيمٌ",
    "source": "https://sunnah.com/muslim:134b",
    "tags": [
      12,
      30,
      31
    ]
  }
},
{
  "model": "dua_collection.dua",
  "pk": 39,
  "fields": {
    "title": "Dua when afflicted by whisperings of the devil in prayer or recitation",
    "text": "أَعُوذُ بِاللهِ مِنَ الشَّيْطَانِ الرَّجِيمِ",
    "source": "https://sunnah.com/muslim:2203a",
    "tags": [
      12,
      24,
      32
    ]
  }
},
{
  "model": "dua_collection.dua",
  "pk": 40,
  "fields": {
    "title": "Dua when struck with a calamity or when unable to do something",
    "text": "قَدَرُ اللَّهِ وَمَا شَاءَ فَعَلَ",
    "source": "https://sunnah.com/muslim:2664",
    "tags": [
      12,
      32,
      33
    ]
  }
},
{
  "model": "dua_collection.dua",
  "pk": 41,
  "fields": {
    "title": "Dua between Takbir-e-Tehreema and Qirat",
    "text": "اللَّهُمَّ بَاعِدْ بَيْنِي وَبَيْنَ خَطَايَاىَ كَمَا بَاعَدْتَ بَيْنَ الْمَشْرِقِ وَالْمَغْرِبِ، اللَّهُمَّ نَقِّنِي مِنَ الْخَطَايَا كَمَا يُنَقَّى الثَّوْبُ الأَبْيَضُ مِنَ الدَّنَسِ، اللَّهُمَّ اغْسِلْ خَطَايَاىَ بِالْمَاءِ وَالثَّلْجِ وَالْبَرَدِ",
    "source": "https://sunnah.com/bukhari:744",
    "tags": [
      12,
      24
    ]
  }
},
{
  "model": "dua_collection.dua",
  "pk": 42,
  "fields": {
    "title": "Dua after Sanaah or before Fateha",
    "text": "أَعُوذُ بِاللَّهِ السَّمِيعِ الْعَلِيمِ مِنَ الشَّيْطَانِ الرَّجِيمِ مِنْ هَمْزِهِ وَنَفْخِهِ وَنَفْثِهِ",
    "source": "https://sunnah.com/abudawud:775",
    "tags": [
      12,
      24
    ]
  }
},
{
  "model": "dua_collection.dua",
  "pk": 43,
  "fields": {
    "title": "Dua in Rukooh or Sajdah",
    "text": "سُبْحَانَكَ اللَّهُمَّ رَبَّنَا وَبِحَمْدِكَ، اللَّهُمَّ اغْفِرْ لِي",
    "source": "https://sunnah.com/bukhari:794",
    "tags": [
      12,
      24
    ]
  }
},
{
  "model": "dua_collection.dua",
  "pk": 44,
  "fields": {
    "title": "Dua in Rukooh or Sajdah 2",
    "text": "سُبـّوحٌ قُـدّوس، رَبُّ الملائِكَـةِ وَالـرُّوح",
    "source": "https://sunnah.com/riyadussalihin:1426",
    "tags": [
      12,
      24
    ]
  }
},
{
  "model": "dua_collection.dua",
  "pk": 45,
  "fields": {
    "title": "Dua after Rukooh (Qoma)",
    "text": "رَبَّنَا وَلَكَ الْحَمْدُ، حَمْدًا كَثِيرًا طَيِّبًا مُبَارَكًا فِيهِ",
    "source": "https://sunnah.com/bukhari:799",
    "tags": [
      12,
      24
    ]
  }
},
{
  "model": "dua_collection.dua",
  "pk": 46,
  "fields": {
    "title": "Dua between 2 Prostrations",
    "text": "اللّهُـمَّ اغْفِـرْ لي، وَارْحَمْـني، وَاهْدِنـي، وَاجْبُرْنـي، وَعافِنـي وَارْزُقْنـي وَارْفَعْـني",
    "source": "https://sunnah.com/hisn:49",
    "tags": [
      12,
      24
    ]
  }
},
{
  "model": "dua_collection.dua",
  "pk": 47,
  "fields": {
    "title": "Dua after Tashud",
    "text": "اللهم إني أعوذ بك من عذاب جهنم، ومن عذاب القبر ومن فتنة المحيا والممات، ومن شر فتنة المسيح الدجال",
    "source": "https://sunnah.com/riyadussalihin:1423",
    "tags": [
      12,
      24
    ]
  }
},
{
  "model": "dua_collection.dua",
  "pk": 48,
  "fields": {
    "title": "Dua after Tashud and before Salam",
    "text": "اللّهُـمَّ أَعِـنِّي عَلـى ذِكْـرِكَ وَشُكْـرِك ،وَحُسْـنِ عِبـادَتِـك",
    "source": "https://sunnah.com/hisn:59",
    "tags": [
      12,
      24
    ]
  }
},
{
  "model": "dua_collection.dua",
  "pk": 49,
  "fields": {
    "title": "Dua after each gathering with useless talks",
    "text": "سبحانك اللهم وبحمدك، أشهد أن لا إله إلا أنت، أستغفرك وأتوب إليك",
    "source": "https://sunnah.com/riyadussalihin:831",
    "tags": [
      12,
      34
    ]
  }
},
{
  "model": "dua_collection.dua",
  "pk": 50,
  "fields": {
    "title": "Most freequent supplication of Prophet Muhammad (SAW)",
    "text": "يا مقلب القلوب ثبت قلبي على دينك",
    "source": "https://sunnah.com/riyadussalihin:1489",
    "tags": [
      12,
      29
    ]
  }
},
{
  "model": "dua_collection.dua",
  "pk": 51,
  "fields": {
    "title": "Dua for Protection from Evil Eye and Jinn",
    "text": "أَعُوذُ بِکَلِمَاتِ اللَّهِ التَّامَّاتِ الَّتِی لَا یُجَاوِزُھُنَّ بَرٌّ وَلَا فَجِرٌ مِّنْ شَرِّ مَاخَلَقَ وَ ذَرَأَ وَ بَرَأَ وَ مِنْ شَرِّ مَا یَنْزِلُ مِنَ السَّمَاءِ وَ مِنْ شَرِّ مَا یَعْرُجُ فِیھَا وَ مِنْ شَرِّ مَا ذَرَأَ فِی الْأَرْضِ وَ مِن شَرِّ مَا یَخْرُجُ مِنْھَا وَ مِنْ شَرِّ فِتَنِ اللَّیْلِ وَ النَّھَارِ وَ مِنْ شَرِّ کُلِّ طَارِقٍ إِلَّا یَطْرُقُ بِخَیْرٍ یَا رَحْمَنُ ۔آمِیْنْ",
    "source": "https://www.ahlesunnatpak.com/hadith-details/musnad_ahmed/88",
    "tags": [
      12,
      29,
      35,
      36
    ]
  }
},
{
  "model": "dua_collection.dua",
  "pk": 52,
  "fields": {
    "title": "Seeking protection from the Anger of Allah(SW) and His creatures",
    "text": "أَعُوذُ بِكَلِمَاتِ اللَّهِ التَّامَّةِ مِنْ غَضَبِهِ وَعِقَابِهِ وَشَرِّ عِبَادِهِ وَمِنْ هَمَزَاتِ الشَّيَاطِينِ وَأَنْ يَحْضُرُونِ",
    "source": "https://sunnah.com/malik/51/9",
    "tags": [
      12,
      29,
      35,
      36
    ]
  }
},
{
  "model": "dua_collection.dua",
  "pk": 53,
  "fields": {
    "title": "Supplement for sick person / Dua for visiting a patient",
    "text": "بِسْمِ اللَّهِ أَرْقِيكَ مِنْ كُلِّ شَىْءٍ يُؤْذِيكَ مِنْ شَرِّ كُلِّ نَفْسٍ أَوْ عَيْنٍ أَوْ حَاسِدٍ اللَّهُ يَشْفِيكَ بِسْمِ اللَّهِ أَرْقِيكَ",
    "source": "https://sunnah.com/malik/51/9",
    "tags": [
      12,
      29,
      35,
      37
    ]
  }
},
{
  "model": "dua_collection.dua",
  "pk": 54,
  "fields": {
    "title": "Dua of Ibrahim A.S for seeking refuge of Allah SW",
    "text": "أَعُوذُ بِكَلِمَاتِ اللَّهِ التَّامَّةِ مِنْ كُلِّ شَيْطَانٍ وَهَامَّةٍ، وَمِنْ كُلِّ عَيْنٍ لاَمَّةٍ",
    "source": "https://sunnah.com/bukhari:3371",
    "tags": [
      12,
      29,
      35
    ]
  }
},
{
  "model": "dua_collection.dua",
  "pk": 55,
  "fields": {
    "title": "Dua when visiting a graveyard",
    "text": "قُولِي السَّلاَمُ عَلَى أَهْلِ الدِّيَارِ مِنَ الْمُؤْمِنِينَ وَالْمُسْلِمِينَ وَيَرْحَمُ اللَّهُ الْمُسْتَقْدِمِينَ مِنَّا وَالْمُسْتَأْخِرِينَ وَإِنَّا إِنْ شَاءَ اللَّهُ بِكُمْ لَلاَحِقُونَ",
    "source": "https://sunnah.com/muslim:974b",
    "tags": [
      12,
      29
    ]
  }
},
{
  "model": "dua_collection.dua",
  "pk": 56,
  "fields": {
    "title": "Zikar when getting up in the morning",
    "text": "هُوَ اللّٰهُ الَّذِیْ لَاۤ اِلٰهَ اِلَّا هُوَ ۚ عٰلِمُ الْغَیْبِ وَالشَّهَادَةِ ۚ هُوَ الرَّحْمٰنُ الرَّحِیْمُ ۟(۲۲) هُوَ اللّٰهُ الَّذِیْ لَاۤ اِلٰهَ اِلَّا هُوَ ۚ اَلْمَلِكُ الْقُدُّوْسُ السَّلٰمُ الْمُؤْمِنُ الْمُهَیْمِنُ الْعَزِیْزُ الْجَبَّارُ الْمُتَكَبِّرُ ؕ سُبْحٰنَ اللّٰهِ عَمَّا یُشْرِكُوْنَ ۟(۲۳) هُوَ اللّٰهُ الْخَالِقُ الْبَارِئُ الْمُصَوِّرُ لَهُ الْاَسْمَآءُ الْحُسْنٰی ؕ یُسَبِّحُ لَهٗ مَا فِی السَّمٰوٰتِ وَالْاَرْضِ ۚ وَهُوَ الْعَزِیْزُ الْحَكِیْمُ ۟۠(۲۴)",
    "source": "https://quran.com/59/22",
    "tags": [
      1,
      12,
      29
    ]
  }
},
{
  "model": "dua_collection.dua",
  "pk": 57,
  "fields": {
    "title": "Dua when you see an afflicted person",
    "text": "الْحَمْدُ لِلَّهِ الَّذِي عَافَانِي مِمَّا ابْتَلاَكَ بِهِ وَفَضَّلَنِي عَلَى كَثِيرٍ مِمَّنْ خَلَقَ تَفْضِيلاً لَمْ يُصِبْهُ ذَلِكَ الْبَلاَءُ",
    "source": "https://sunnah.com/tirmidhi:3432",
    "tags": [
      12,
      29
    ]
  }
},
{
  "model": "dua_collection.dua",
  "pk": 58,
  "fields": {
    "title": "Dua before asking anything (with Ism-e-Azam)",
    "text": "اللَّهُمَّ إِنِّي أَسْأَلُكَ بِأَنِّي أَشْهَدُ أَنَّكَ أَنْتَ اللَّهُ لاَ إِلَهَ إِلاَّ أَنْتَ الأَحَدُ الصَّمَدُ الَّذِي لَمْ يَلِدْ وَلَمْ يُولَدْ وَلَمْ يَكُنْ لَهُ كُفُوًا أَحَدٌ",
    "source": "https://sunnah.com/tirmidhi:3475",
    "tags": [
      12,
      29
    ]
  }
},
{
  "model": "dua_collection.dua",
  "pk": 59,
  "fields": {
    "title": "Dua when going near to wife",
    "text": "اللَّهُمَّ إِنِّي أَسْأَلُكَ خَيْرَهَا وَخَيْرَ مَا جَبَلْتَهَا عَلَيْهِ وَأَعُوذُ بِكَ مِنْ شَرِّهَا وَمِنْ شَرِّ مَا جَبَلْتَهَا عَلَيْهِ",
    "source": "https://sunnah.com/abudawud:2160",
    "tags": [
      12,
      29,
      38
    ]
  }
},
{
  "model": "dua_collection.dua",
  "pk": 60,
  "fields": {
    "title": "Dua before having the intercourse",
    "text": "بِسْمِ اللَّهِ اللَّهُمَّ جَنِّبْنَا الشَّيْطَانَ وَجَنِّبِ الشَّيْطَانَ مَا رَزَقْتَنَا",
    "source": "https://sunnah.com/tirmidhi:1092",
    "tags": [
      12,
      29,
      38
    ]
  }
},
{
  "model": "dua_collection.dua",
  "pk": 61,
  "fields": {
    "title": "Dua to ask about Death in a good way",
    "text": "اللَّهُمَّ أَحْيِنِي مَا كَانَتِ الْحَيَاةُ خَيْرًا لِي وَتَوَفَّنِي إِذَا كَانَتِ الْوَفَاةُ خَيْرًا لي",
    "source": "https://sunnah.com/mishkat:1600",
    "tags": [
      12,
      29
    ]
  }
},
{
  "model": "dua_collection.dua",
  "pk": 62,
  "fields": {
    "title": "Dua when calamity goes beyond your capacity/imagination",
    "text": "حَسْبُنَا اللَّهُ وَنِعْمَ الْوَكِيلُ عَلَى اللَّهِ تَوَكَّلْنَا",
    "source": "https://sunnah.com/tirmidhi:2431",
    "tags": [
      12,
      29
    ]
  }
},
{
  "model": "dua_collection.dua",
  "pk": 63,
  "fields": {
    "title": "Dua on thundering in the sky",
    "text": "اللَّهُمَّ لاَ تَقْتُلْنَا بِغَضَبِكَ وَلاَ تُهْلِكْنَا بِعَذَابِكَ وَعَافِنَا قَبْلَ ذَلِكَ",
    "source": "https://sunnah.com/tirmidhi:3450",
    "tags": [
      12,
      29
    ]
  }
},
{
  "model": "dua_collection.dua",
  "pk": 64,
  "fields": {
    "title": "Dua when entering the house",
    "text": "اللَّهُمَّ إِنِّي أَسْأَلُكَ خَيْرَ الْمَوْلِجِ وَخَيْرَ الْمَخْرَجِ بِسْمِ اللَّهِ وَلَجْنَا وَبِسْمِ اللَّهِ خَرَجْنَا وَعَلَى اللَّهِ رَبِّنَا تَوَكَّلْنَا",
    "source": "https://sunnah.com/abudawud:5096",
    "tags": [
      12,
      21
    ]
  }
},
{
  "model": "dua_collection.dua",
  "pk": 65,
  "fields": {
    "title": "Dua for the ease on the day of judgement",
    "text": "اللَّهُمَّ حَاسِبْنِي حِسَابًا يَسِيرًا",
    "source": "https://sunnah.com/mishkat:5562",
    "tags": [
      12,
      29,
      39
    ]
  }
},
{
  "model": "dua_collection.dua",
  "pk": 66,
  "fields": {
    "title": "Dua For Forgiveness And To Be Kept Safe and Sound",
    "text": "اللَّهُمَّ إِنَّكَ عَفُوٌّ تُحِبُّ الْعَفْوَ فَاعْفُ عَنِّ",
    "source": "https://sunnah.com/ibnmajah:3850",
    "tags": [
      12,
      29,
      40
    ]
  }
},
{
  "model": "dua_collection.tag",
  "pk": 1,
  "fields": {
    "name": "Quran"
  }
},
{
  "model": "dua_collection.tag",
  "pk": 2,
  "fields": {
    "name": "Sunnah"
  }
},
{
  "model": "dua_collection.tag",
  "pk": 3,
  "fields": {
    "name": "Prophetic-Duas"
  }
},
{
  "model": "dua_collection.tag",
  "pk": 4,
  "fields": {
    "name": "General"
  }
},
{
  "model": "dua_collection.tag",
  "pk": 5,
  "fields": {
    "name": "Mairaj"
  }
},
{
  "model": "dua_collection.tag",
  "pk": 6,
  "fields": {
    "name": "Submission"
  }
},
{
  "model": "dua_collection.tag",
  "pk": 7,
  "fields": {
    "name": "Istighfar"
  }
},
{
  "model": "dua_collection.tag",
  "pk": 8,
  "fields": {
    "name": "Appreciation"
  }
},
{
  "model": "dua_collection.tag",
  "pk": 9,
  "fields": {
    "name": "Rizak"
  }
},
{
  "model": "dua_collection.tag",
  "pk": 10,
  "fields": {
    "name": "Isa"
  }
},
{
  "model": "dua_collection.tag",
  "pk": 11,
  "fields": {
    "name": "Family"
  }
},
{
  "model": "dua_collection.tag",
  "pk": 12,
  "fields": {
    "name": "Masnoon"
  }
},
{
  "model": "dua_collection.tag",
  "pk": 13,
  "fields": {
    "name": "Sleep"
  }
},
{
  "model": "dua_collection.tag",
  "pk": 14,
  "fields": {
    "name": "Wakeup"
  }
},
{
  "model": "dua_collection.tag",
  "pk": 15,
  "fields": {
    "name": "Dream"
  }
},
{
  "model": "dua_collection.tag",
  "pk": 16,
  "fields": {
    "name": "Dress"
  }
},
{
  "model": "dua_collection.tag",
  "pk": 17,
  "fields": {
    "name": "Food"
  }
},
{
  "model": "dua_collection.tag",
  "pk": 18,
  "fields": {
    "name": "Eating"
  }
},
{
  "model": "dua_collection.tag",
  "pk": 19,
  "fields": {
    "name": "Toilet"
  }
},
{
  "model": "dua_collection.tag",
  "pk": 20,
  "fields": {
    "name": "Wudu"
  }
},
{
  "model": "dua_collection.tag",
  "pk": 21,
  "fields": {
    "name": "House"
  }
},
{
  "model": "dua_collection.tag",
  "pk": 22,
  "fields": {
    "name": "Mosque"
  }
},
{
  "model": "dua_collection.tag",
  "pk": 23,
  "fields": {
    "name": "Adhan"
  }
},
{
  "model": "dua_collection.tag",
  "pk": 24,
  "fields": {
    "name": "Prayer"
  }
},
{
  "model": "dua_collection.tag",
  "pk": 25,
  "fields": {
    "name": "Witar"
  }
},
{
  "model": "dua_collection.tag",
  "pk": 26,
  "fields": {
    "name": "Sorrow"
  }
},
{
  "model": "dua_collection.tag",
  "pk": 27,
  "fields": {
    "name": "Anxiety"
  }
},
{
  "model": "dua_collection.tag",
  "pk": 28,
  "fields": {
    "name": "Distress"
  }
},
{
  "model": "dua_collection.tag",
  "pk": 29,
  "fields": {
    "name": "Supplication"
  }
},
{
  "model": "dua_collection.tag",
  "pk": 30,
  "fields": {
    "name": "Danger"
  }
},
{
  "model": "dua_collection.tag",
  "pk": 31,
  "fields": {
    "name": "Faith"
  }
},
{
  "model": "dua_collection.tag",
  "pk": 32,
  "fields": {
    "name": "Devil"
  }
},
{
  "model": "dua_collection.tag",
  "pk": 33,
  "fields": {
    "name": "Calamity"
  }
},
{
  "model": "dua_collection.tag",
  "pk": 34,
  "fields": {
    "name": "Gathering"
  }
},
{
  "model": "dua_collection.tag",
  "pk": 35,
  "fields": {
    "name": "Protection"
  }
},
{
  "model": "dua_collection.tag",
  "pk": 36,
  "fields": {
    "name": "Jinn"
  }
},
{
  "model": "dua_collection.tag",
  "pk": 37,
  "fields": {
    "name": "Sickness"
  }
},
{
  "model": "dua_collection.tag",
  "pk": 38,
  "fields": {
    "name": "Marraige"
  }
},
{
  "model": "dua_collection.tag",
  "pk": 39,
  "fields": {
    "name": "Day of Judgement"
  }
},
{
  "model": "dua_collection.tag",
  "pk": 40,
  "fields": {
    "name": "Forgiveness"
  }
},
{
  "model": "dua_collection.translation",
  "pk": 1,
  "fields": {
    "dua": 1,
    "language": "en",
    "text": ""
  }
},
{
  "model": "dua_collection.translation",
  "pk": 2,
  "fields": {
    "dua": 2,
    "language": "en",
    "text": "(When you send Salam on me, send Salam on all the Messengers, for I am one of the Messengers.)\" This was recorded by Ibn Jarir and Ibn Abi Hatim. Abu Muhammad Al-Baghawi recorded in his Tafsir that Ali, may Allah be pleased with him, said: \"Whoever wants a greater measure of reward on the Day of Resurrection, let him say at the end of any gathering."
  }
},
{
  "model": "dua_collection.translation",
  "pk": 3,
  "fields": {
    "dua": 3,
    "language": "en",
    "text": "When Ibrāhīm was raising up the foundations of the House, along with Ismā‘īl (Ishmael) (supplicating): “Our Lord accept (this service) from us! Indeed, You - and You alone - are the All-Hearing, the All-Knowing!(127) Our Lord, make us both submissive to You, and (make) of our progeny as well, a people submissive to You and show us our ways of Pilgrimage and accept our repentance. Indeed, You - and You alone - are the Most-Relenting, the Very-Merciful.(128) [T. Usmani]"
  }
},
{
  "model": "dua_collection.translation",
  "pk": 4,
  "fields": {
    "dua": 4,
    "language": "en",
    "text": "Yet there is another among them who says: “Our Lord, give us good in this world and good in the Hereafter, and save us from the punishment of Fire.(201)” [T. Usmani]"
  }
},
{
  "model": "dua_collection.translation",
  "pk": 5,
  "fields": {
    "dua": 5,
    "language": "en",
    "text": "The Messenger has believed in what has been revealed to him from his Lord, and the believers as well. All have believed in Allah and His angels and His Books and His Messengers. “We make no division between any of His Messengers,” and they have said: “We have listened, and obeyed. Our Lord, (we seek) Your pardon! And to You is the return.”(285) Allah does not obligate anyone beyond his capacity. For him is what he has earned, and on him what he has incurred.“Our Lord, do not hold us accountable, if we forget or make a mistake, and, Our Lord, do not place on us such a burden as You have placed on those before us, and, Our Lord, do not make us bear a burden for which we have no strength. And pardon us, and grant us forgiveness, and have mercy on us. You are our Lord. So then help us against the disbelieving people.” (286) [T. Usmani]"
  }
},
{
  "model": "dua_collection.translation",
  "pk": 6,
  "fields": {
    "dua": 6,
    "language": "en",
    "text": "“Our Lord, do not let our hearts deviate from the right path after You have given us guidance, and bestow upon us mercy from Your own. Surely, You, and You alone, are the One who bestows in abundance.(8) Our Lord, You are going to assemble all the people on a day in (the occurrence of) which there is no doubt. Verily, Allah does not back out of His promise. (9)”"
  }
},
{
  "model": "dua_collection.translation",
  "pk": 7,
  "fields": {
    "dua": 7,
    "language": "en",
    "text": "Those (are the ones) who say: “Our Lord, surely we have believed, so forgive us our sins and save us from the punishment of the Fire,” — T. Usmani"
  }
},
{
  "model": "dua_collection.translation",
  "pk": 8,
  "fields": {
    "dua": 8,
    "language": "en",
    "text": "“Our Lord, we have believed in what You have revealed, and we have followed the messenger. So, record us with those who bear witness (to the Truth).” — T. Usmani"
  }
},
{
  "model": "dua_collection.translation",
  "pk": 9,
  "fields": {
    "dua": 9,
    "language": "en",
    "text": "They had nothing else to say except that they said: “Our Lord, forgive us our sins and our excesses in our conduct, make firm our feet and help us against the disbelieving people.” — T. Usmani"
  }
},
{
  "model": "dua_collection.translation",
  "pk": 10,
  "fields": {
    "dua": 10,
    "language": "en",
    "text": "Family of Imran (3:191-194) who remember Allah standing and sitting, and (lying) on their sides, and ponder on the creation of the heavens and the earth (and say) “Our Lord, You have not created all this in vain. We proclaim Your purity. So, save us from the punishment of Fire (191). Our Lord, whomsoever You admit into the Fire, he is disgraced by You indeed, and for the unjust there are no supporters. 192 Our Lord, We heard a herald calling towards Faith: ‘Believe in your Lord.’ So we believed.Our Lord, forgive us, then, our sins, and write off our evil deeds, and make us die only when we have joined the righteous. 193 Our Lord, give us what You have promised us through Your messengers, and do not put us to disgrace on the Day of Judgement. Surely you do not go back on Your promise. 194 — T. Usmani"
  }
},
{
  "model": "dua_collection.translation",
  "pk": 11,
  "fields": {
    "dua": 11,
    "language": "en",
    "text": "Hud (11:47) He said, “My Lord, I seek refuge with You that I should ask You something of which I have no knowledge. If You do not forgive me and do not show mercy to me, I shall be among the losers.” — T. Usmani"
  }
},
{
  "model": "dua_collection.translation",
  "pk": 12,
  "fields": {
    "dua": 12,
    "language": "en",
    "text": "Īsā son of Maryam said, “O Allah, our Lord, send down to us a repast from heaven which may be a happy occasion for us, for all our generations present and future, and a sign from You, and give us provisions. You are the best Giver of Provisions.” — T. Usmani"
  }
},
{
  "model": "dua_collection.translation",
  "pk": 13,
  "fields": {
    "dua": 13,
    "language": "en",
    "text": "And those who say, “Our Lord, Give us, from our spouses and our children, comfort of eyes, and make us heads of the God-fearing. — T. Usmani”"
  }
},
{
  "model": "dua_collection.translation",
  "pk": 14,
  "fields": {
    "dua": 14,
    "language": "en",
    "text": "ہم سے قبیصہ بن عقبہ نے بیان کیا ، کہا ہم سے سفیان ثوری نے بیان کیا ، ان سے عبدالملک بن عمیر نے ، ان سے ربعی بن حراش نے اور ان سے حضرت حذیفہ بن یمان رضی اللہ عنہ نے بیان کیاکہ نبی کریم صلی اللہ علیہ وسلم جب اپنے بستر پر لیٹتے تو یہ کہتے ” تیرے ہی نام کے ساتھ میں مردہ اور زندہ رہتا ہوں اور جب بیدار ہوتے تو کہتے اسی اللہ کے لئے تمام تعریفیں ہیں جس نے ہمیں زندہ کیا ۔ اس کے بعد کہ اس نے موت طاری کر دی تھی اور اسی کی طرف لوٹنا ہے ۔ قرآن شریف میں جو لفظ ننشزھا ہے اس کا بھی یہی معنی ہے کہ ہم اس کو نکال کر اٹھاتے ہیں ۔"
  }
},
{
  "model": "dua_collection.translation",
  "pk": 15,
  "fields": {
    "dua": 15,
    "language": "en",
    "text": "Ubadah b. al-Samit reported the Messenger of Allah (May peace be upon him) as saying; If anyone is alarmed while asleep and he says when awakes: \nThere is no god but Allah alone Who has no partner, to whom dominion belongs, to whom praise is due, and who has power over everything (omnipotent). Glory be to Allah, and praise be to Allah, and there is no god but Allah, and then he prays: O my Lord, forgive me. Abu Dawud said : Al-Walid’s version has; and he prays, his prayer will be answered. If he gets up, performs ablution, and prays, his prayer will be accepted."
  }
},
{
  "model": "dua_collection.translation",
  "pk": 16,
  "fields": {
    "dua": 16,
    "language": "en",
    "text": "The Prophet (ﷺ) said, A good dream is from Allah, and a bad or evil dream is from Satan; so if anyone of you has a bad dream of which he gets afraid, he should spit on his left side and should seek Refuge with Allah from its evil, for then it will not harm him."
  }
},
{
  "model": "dua_collection.translation",
  "pk": 17,
  "fields": {
    "dua": 17,
    "language": "en",
    "text": "The Prophet (ﷺ) said: If anyone puts on a garment and says: \"Praise be to Allah Who has clothed me with this and provided me with it through no might and power on my part,\" he will be forgiven his former and later sins."
  }
},
{
  "model": "dua_collection.translation",
  "pk": 18,
  "fields": {
    "dua": 18,
    "language": "en",
    "text": "The Prophet (ﷺ) said: If anyone eats food and then says: \"Praise be to Allah Who has fed me with this food and provided me with it through no might and power on my part,\" he will be forgiven his former and later sins."
  }
},
{
  "model": "dua_collection.translation",
  "pk": 19,
  "fields": {
    "dua": 19,
    "language": "en",
    "text": "Ali bin Abi Talid (may Allah be pleased with him) narrated that: \nThe Messenger of Allah said: \"The screen between the eyes of the jinns and nakedness of the children of Adam when one of you enters the area of relieving oneself is saying: 'Bismillah.'\""
  }
},
{
  "model": "dua_collection.translation",
  "pk": 20,
  "fields": {
    "dua": 20,
    "language": "en",
    "text": "When the Messenger of Allah (ﷺ) entered the privy, and in the hadith transmitted by Hushaim (the words are): When the Messenger of Allah (ﷺ) entered the lavatory, be used to say: O Allah, I seek refuge in Thee from wicked and noxious things."
  }
},
{
  "model": "dua_collection.translation",
  "pk": 21,
  "fields": {
    "dua": 21,
    "language": "en",
    "text": "When the Prophet (ﷺ) came out of the privy, he used to say: \"Grant me Thy forgiveness.\""
  }
},
{
  "model": "dua_collection.translation",
  "pk": 22,
  "fields": {
    "dua": 22,
    "language": "en",
    "text": "It was narrated that Abu Sa'eed bin Zaid said:\"The Messenger of Allah said: 'There is no prayer for one who does not have ablution, and there is no ablution for one who does not mention the Name of Allah (before it).\""
  }
},
{
  "model": "dua_collection.translation",
  "pk": 23,
  "fields": {
    "dua": 23,
    "language": "en",
    "text": "Allah's Messenger said: Whoever performs Wudu, making Wudu well, then says: (\"Ashhadu an la ilaha illallah, wahdahu la sharika lahu, wa ashhadu anna Muhammadan-abduhu wa rasuluhu, Allahummajalni minat tawwabin, waj'alni minal mutatahhirin\") 'I testify that none has the right to be worshipped but Allah Alone, there are no partners for Him. And I testify that Muhammad is His servant and Messenger. O Allah! Make me among the repentant, and make me among those who purify themselves.' Then eight gates of Paradise are opened for him, that may enter by whichever of them wishes."
  }
},
{
  "model": "dua_collection.translation",
  "pk": 24,
  "fields": {
    "dua": 24,
    "language": "en",
    "text": "The Prophet (ﷺ) said: When a man goes out of his house and says: \"In the name of Allah, I trust in Allah; there is no might and no power but in Allah,\" the following will be said to him at that time: \"You are guided, defended and protected.\" The devils will go far from him and another devil will say: How can you deal with a man who has been guided, defended and protected?"
  }
},
{
  "model": "dua_collection.translation",
  "pk": 25,
  "fields": {
    "dua": 25,
    "language": "en",
    "text": "He spent (one night) in the house of the Messenger of Allah (ﷺ). He (the Holy Prophet) got up, brushed his teeth and performed ablution and said: \"In the creation of the heavens and the earth, and the alternation of the night and the day, there are indeed signs for people of understanding\" (al-Qur'an, iii. 190), to the end of the Surah. He then stood up and prayed two rak`ahs, standing, bowing and prostrating himself at length in them. Then he finished, went to sleep and snored. He did that three times, six rak`ahs altogether, each time cleaning his teeth, performing ablution, and reciting these verses. Then he observed three rak`ahs of Witr. The Mu'adhdhin then pronounced the Adhan and he went out for prayer and was saying: \"O Allah! place light in my heart, light in my tongue, place light in my hearing, place light in my eyesight, place light behind me, and light in front of me, and place light above me, and light below me. O Allah! grant me light.\""
  }
},
{
  "model": "dua_collection.translation",
  "pk": 26,
  "fields": {
    "dua": 26,
    "language": "en",
    "text": "I met ‘Uqbah b. Muslim and said to him: it has been reported to me that someone has narrated to you from the prophet (ﷺ) that when he entered the mosque, he would say: I seek refuge in Allah, the Magnificent, and in His noble face, and in his eternal domain, from the accursed Devil. He asked : is it so much only? I said: Yes. He said: when anyone says so. The devil says: he is protected from me all the day long."
  }
},
{
  "model": "dua_collection.translation",
  "pk": 27,
  "fields": {
    "dua": 27,
    "language": "en",
    "text": "Abu Usaid al-Ansari reported the Messenger of Allah (May peace be upon him) as saying: when any of you enters the mosque he should invoke blessing on the prophet (ﷺ) and then he should say: O Allah, open to me the gates of thy mercy."
  }
},
{
  "model": "dua_collection.translation",
  "pk": 28,
  "fields": {
    "dua": 28,
    "language": "en",
    "text": "Abu Mahdhurah reported; I said; Messenger of Allah, teach me the method of ADHAN (how to pronounce the call to prayer). He wiped my forehead (with his hand) and asked me to pronounce; Allah is most great. Allah is most great. Allah is most great. Allah is most great, raising your voice while saying them (these words). Then you must raise your voice in making the testimony: I testify that there is no god but Allah, I testify that there is no god but Allah; I testify that Muhammad is the Messenger of Allah, I testify that Muhammad is the Messenger of Allah. Lowering your voice while saying them (these words). Then you must raise your voice in making the testimony: I testify that there is no god but Allah, I testify there is no god but Allah; I testify Muhammad is the Messenger of Allah, I testify Muhammad is the Messenger of Allah. Come to prayer, come to prayer; come to salvation, come to salvation. If it is the morning prayer, you must pronounce; prayer is better than sleep, prayer is better than sleep, Allah is most great; there is no god but Allah."
  }
},
{
  "model": "dua_collection.translation",
  "pk": 29,
  "fields": {
    "dua": 29,
    "language": "en",
    "text": "Sa’d b. Abi Waqqas reported the Messenger of Allah (May peace be upon him) as saying: If anyone says when he hears the MU’ADHDHIN : “And I testify that there is no god but Allah alone who has no partner and that Muhammad is His servant and Apostle: I am satisfied with Allah as lord, with Muhammad as apostle and with Islam as religion”, he will be forgiven."
  }
},
{
  "model": "dua_collection.translation",
  "pk": 30,
  "fields": {
    "dua": 30,
    "language": "en",
    "text": "Narrated Ka`b bin Ujra: It was said, \"O Allah's Messenger (ﷺ)! We know how to greet you, but how to invoke Allah for you?\" The Prophet said, \"Say: Allahumma salli ala Muhammadin wa'ala `Ali Muhammaddin, kama sallaita 'ala all Ibrahim, innaka Hamidun Majid.\""
  }
},
{
  "model": "dua_collection.translation",
  "pk": 31,
  "fields": {
    "dua": 31,
    "language": "en",
    "text": "Jabir b. ‘Abd Allah reported the Messenger of Allah (ﷺ) as saying: if anyone says when he hears the call to prayer : “O Allah, Lord of this perfect call and of the prayer which is established for all time, grant Muhammad the wasilah and excellency, and raise him up in a praiseworthy position which Thou hast promised, he will be assured of my intercession."
  }
},
{
  "model": "dua_collection.translation",
  "pk": 32,
  "fields": {
    "dua": 32,
    "language": "en",
    "text": "When the Messenger of Allah (ﷺ) wanted to go to sleep, he put his right hand under his cheek and would then say three times: O Allah, guard me from Thy punishment on the day when Thou raisest up Thy servants."
  }
},
{
  "model": "dua_collection.translation",
  "pk": 33,
  "fields": {
    "dua": 33,
    "language": "en",
    "text": "The Messenger of Allah (ﷺ) taught me some words that I say during the witr. (The version of Ibn Jawwas has: I say them in the supplication of the witr.) They were: \"O Allah, guide me among those Thou hast guided, grant me security among those Thou hast granted security, take me into Thy charge among those Thou hast taken into Thy charge, bless me in what Thou hast given, guard me from the evil of what Thou hast decreed, for Thou dost decree, and nothing is decreed for Thee. He whom Thou befriendest is not humbled. Blessed and Exalted art Thou, our Lord.\""
  }
},
{
  "model": "dua_collection.translation",
  "pk": 34,
  "fields": {
    "dua": 34,
    "language": "en",
    "text": "Ubayy bin Ka'b said: \"The Messenger of Allah (ﷺ) used to recite in Witr: \"Glorify the Name of your Lord, the Most High;\" and \"Say: O you disbelievers!;' and 'Say: He is Allah, (the) One.'\""
  }
},
{
  "model": "dua_collection.translation",
  "pk": 35,
  "fields": {
    "dua": 35,
    "language": "en",
    "text": "Narrated Anas bin Malik: The Prophet (ﷺ) said to Abu Talha, \"Choose one of your boy servants to serve me in my expedition to Khaibar.\" So, Abu Talha took me letting me ride behind him while I was a boy nearing the age of puberty. I used to serve Allah's Messenger (ﷺ) when he stopped to rest. I heard him saying repeatedly, \"O Allah! I seek refuge with You from distress and sorrow, from helplessness and laziness, from miserliness and cowardice, from being heavily in debt and from being overcome by men.\""
  }
},
{
  "model": "dua_collection.translation",
  "pk": 36,
  "fields": {
    "dua": 36,
    "language": "en",
    "text": "Narrated Abubakrah: The Messenger of Allah (ﷺ) said: The supplications to be used by one who is distressed are: \"O Allah! Thy mercy is what I hope for. Do not abandon me to myself for an instant, but put all my affairs in good order for me. There is no god but Thou.\""
  }
},
{
  "model": "dua_collection.translation",
  "pk": 37,
  "fields": {
    "dua": 37,
    "language": "en",
    "text": "It is narrated on the authority of Abu Huraira that the Messenger of Allah (ﷺ) said: Men will continue to question one another till this is propounded: Allah created all things but who created Allah? He who found himself confronted with such a situation should say: I affirm my faith in Allah."
  }
},
{
  "model": "dua_collection.translation",
  "pk": 38,
  "fields": {
    "dua": 38,
    "language": "en",
    "text": "Narrated Abdullah ibn Abbas: AbuZumayl said: I asked Ibn Abbas, saying: What is that I find in my breast? He asked: What is it? I replied: I swear by Allah, I cannot speak about it. He asked me: Is it something doubtful? and he laughed. He then said: No one could escape that, until Allah, the exalted, revealed: \"If thou went in doubt as to what we have revealed unto thee, and ask those who have been reading the Book from before thee.\" He said: If you find something in your heart, say: He is the first and the Last, the Evident and the Immanent, and He has full knowledge of all things."
  }
},
{
  "model": "dua_collection.translation",
  "pk": 39,
  "fields": {
    "dua": 39,
    "language": "en",
    "text": "Uthman b. Abu al-'As reported that he came to Allah's Messenger (ﷺ) and said: Allah's Messenger, the Satan intervenes between me and my prayer and my reciting of the Qur'an and he confounds me. Thereupon Allah's Messenger (ﷺ) said:, That is (the doing of a) Satan (devil) who is known as Khinzab, and when you perceive its effect, seek refuge with Allah from it and spit three times to your left. I did that and Allah dispelled that from me."
  }
},
{
  "model": "dua_collection.translation",
  "pk": 40,
  "fields": {
    "dua": 40,
    "language": "en",
    "text": "Abu Huraira reported Allah's Messenger (ﷺ) as saying: A strong believer is better and is more lovable to Allah than a weak believer, and there is good in everyone, (but) cherish that which gives you benefit (in the Hereafter) and seek help from Allah and do not lose heart, and if anything (in the form of trouble) comes to you, don't say: If I had not done that, it would not have happened so and so, but say: Allah did that what He had ordained to do and your\" if\" opens the (gate) for the Satan."
  }
},
{
  "model": "dua_collection.translation",
  "pk": 41,
  "fields": {
    "dua": 41,
    "language": "en",
    "text": "Narrated Abu Huraira: Allah's Messenger (ﷺ) used to keep silent between the Takbir and the recitation of Qur'an and that interval of silence used to be a short one. I said to the Prophet (ﷺ) \"May my parents be sacrificed for you! What do you say in the pause between Takbir and recitation?\" The Prophet (ﷺ) said, \"I say, 'Allahumma, baa`id baini wa baina khatayaya kama baa`adta baina l-mashriqi wa l-maghrib. Allahumma, naqqini min khatayaya kama yunaqqa th-thawbu l-abyadu mina d-danas. Allahumma, ighsil khatayaya bi l-maa'i wa th-thalji wa l-barad (O Allah! Set me apart from my sins (faults) as the East and West are set apart from each other and clean me from sins as a white garment is cleaned of dirt (after thorough washing). O Allah! Wash off my sins with water, snow and hail.)\""
  }
},
{
  "model": "dua_collection.translation",
  "pk": 42,
  "fields": {
    "dua": 42,
    "language": "en",
    "text": "Narrated AbuSa'id al-Khudri: When the Messenger of Allah (ﷺ) got up to pray at night (for tahajjud prayer) he uttered the takbir and then said: \"Glory be to Thee, O Allah,\" and \"Praise be to Thee\" and \"Blessed is Thy name,\" and Exalted is Thy greatness.\" and \"There is no god but Thee.\" He then said: \"There is no god but Allah\" three times; he then said: \"Allah is altogether great\" three times: \"I seek refuge in Allah, All-Hearing and All-Knowing from the accursed devil, from his evil suggestion (hamz), from his puffing up (nafkh), and from his spitting (nafth)\" He then recited (the Qur'an). Abu Dawud said: It is said that this tradition has been narrated by 'Ali b. 'Ali from al-Hasan omitting the name of the Companion of the Prophet (ﷺ). The misunderstanding occurred on the part of Ja'far."
  }
},
{
  "model": "dua_collection.translation",
  "pk": 43,
  "fields": {
    "dua": 43,
    "language": "en",
    "text": "Narrated `Aisha: The Prophet (ﷺ) used to say in his bowing and prostrations, \"Subhanaka l-lahumma Rabbana wa bihamdika; Allahumma ghfir li.\" (Exalted [from unbecoming attributes] Are you O Allah our Lord, and by Your praise [do I exalt you]. O Allah! Forgive me)."
  }
},
{
  "model": "dua_collection.translation",
  "pk": 44,
  "fields": {
    "dua": 44,
    "language": "en",
    "text": "Aishah (May Allah be pleased with her) reported: The Messenger of Allah (ﷺ) used to recite in his bowing and prostration: \"Subbuhun Quddusun, Rabbul-mala'ikati war-ruh\" [You are the Most Glorious. The Most Holy. You the Rubb of the angels and of Jibril]"
  }
},
{
  "model": "dua_collection.translation",
  "pk": 45,
  "fields": {
    "dua": 45,
    "language": "en",
    "text": "Narrated Rifa`a bin Rafi` Az-Zuraqi: One day we were praying behind the Prophet. When he raised his head from bowing, he said, \"Sami`a l-lahu liman hamidah.\" A man behind him said, \"Rabbana wa laka l-hamdu, hamdan kathiran taiyiban mubarakan fihi\" (O our Lord! All the praises are for You, many good and blessed praises). When the Prophet completed the prayer, he asked, \"Who has said these words?\" The man replied, \"I.\" The Prophet said, \"I saw over thirty angels competing to write it first.\" Prophet rose (from bowing) and stood straight till all the vertebrae of his spinal column came to a natural position."
  }
},
{
  "model": "dua_collection.translation",
  "pk": 46,
  "fields": {
    "dua": 46,
    "language": "en",
    "text": "Allāhumma’ghfir lī, war’ḥamnī, wahdinī, wajburnī, wa `āfinī, warzuqnī, warfa`nī. O Allah forgive me, have mercy on me, guide me, support me, protect me, provide for me, and elevate me."
  }
},
{
  "model": "dua_collection.translation",
  "pk": 47,
  "fields": {
    "dua": 47,
    "language": "en",
    "text": "Abu Hurairah (May Allah be pleased with him) reported: The Messenger of Allah (ﷺ) said, \"When anyone of you has done his Tashahhud during Salat (prayer), he should seek refuge in Allah against four things and say: \"Allahumma inni a'udhu bika min 'adhabi jahannam, wa min 'adhabil-qabr, wa min fitnatil-mahya wal-mamat, wa min sharri fitnatil-masihid-dajjal (O Allah! I seek refuge in You from the torment of Hell, from the torment of the grave, from the trials of life and death, and from the mischief of Al-Masih Ad-Dajjal (Antichrist).\""
  }
},
{
  "model": "dua_collection.translation",
  "pk": 48,
  "fields": {
    "dua": 48,
    "language": "en",
    "text": "O Allah, help me to remember You, to give You thanks, and to perform Your worship in the best manner."
  }
},
{
  "model": "dua_collection.translation",
  "pk": 49,
  "fields": {
    "dua": 49,
    "language": "en",
    "text": "Abu Hurairah (May Allah be pleased with him) reported: Messenger of Allah (ﷺ) said, \"Whoever sits in a gathering and indulges in useless talk and before getting up supplicates: 'Subhanaka Allahumma wa bihamdika, ash-hadu an la ilaha illa Anta, astaghfiruka wa atubu ilaika (O Allah, You are free from every imperfection; praise be to You. I testify that there is no true god except You; I ask Your Pardon and turn to You in repentance),' he will be forgiven for (the sins he may have intentionally or unintentionally committed) in that assembly.\""
  }
},
{
  "model": "dua_collection.translation",
  "pk": 50,
  "fields": {
    "dua": 50,
    "language": "en",
    "text": "Shahr bin Haushab reported: I asked Umm Salamah (May Allah be pleased with her), \"O Mother of the Believers! Which supplication did the Messenger of Allah (ﷺ) make frequently when he was in your house?\" She said: \"He (ﷺ) supplicated frequently: 'Ya muqallibal-qulubi, thabbit qalbi 'ala dinika (O Controller of the hearts make my heart steadfast in Your religion).\""
  }
},
{
  "model": "dua_collection.translation",
  "pk": 51,
  "fields": {
    "dua": 51,
    "language": "en",
    "text": "Abu Tiyah narrates that he asked Abdul Rahman bin Khunbash Tamimi: What did the Messenger of Allah (ﷺ) do on the night when the devils came close to him? He said: On that night, the devils attacked the Prophet (ﷺ) from various valleys and mountains. Among them was a devil holding a flame of fire, intending to burn the face of the Messenger of Allah (ﷺ). But he was overawed and retreated. Ja'far, the narrator, said that he stepped back. At that moment, Jibreel (Gabriel) came and said: O Muhammad! Say. The Prophet (ﷺ) asked: What should I say? He said: Recite this supplication: \"I seek refuge in the perfect words of Allah, which neither the righteous nor the wicked can surpass, from the evil of what He has created, from the evil of what descends from the sky, from the evil of what ascends to it, from the evil of the trials of the night and the day, and from the evil of every visitor except one who comes with good, O Most Merciful.\" (As a result) the devils' fire was extinguished, and Allah, the Exalted, defeated them."
  }
},
{
  "model": "dua_collection.translation",
  "pk": 52,
  "fields": {
    "dua": 52,
    "language": "en",
    "text": "Yahya related to me from Malik that Yahya ibn Said said that he had heard that Khalid ibn al-Walid said to the Messenger of Allah, may Allah bless him and grant him peace, \"I have nightmares.\" The Messenger of Allah, may Allah bless him and grant him peace, said to him, \"Say, 'I seek refuge with the complete words of Allah from His anger and His punishment and the evil of His slaves, and from the evil suggestions of the shayatin and from their being present (at death).' \""
  }
},
{
  "model": "dua_collection.translation",
  "pk": 53,
  "fields": {
    "dua": 53,
    "language": "en",
    "text": "It was narrated from Abu Sa’eed that Jibra’il came to the Prophet (ﷺ) and said: “O Muhammad, you are ill. He said: ‘Yes.’ He said: Bismillahi arqika, min kulli shay’in yu’dhika, min sharri kulli nafsin aw ‘aynin aw hasidin. Allahu yashfika, bismillahi arqika (In the Name of Allah I perform Ruqyah for you, from everything that is harming you, from the evil of every soul or envious eye, may Allah heal you. In the Name of Allah I perform Ruqyah for you)."
  }
},
{
  "model": "dua_collection.translation",
  "pk": 54,
  "fields": {
    "dua": 54,
    "language": "en",
    "text": "Narrated Ibn `Abbas: The Prophet (ﷺ) used to seek Refuge with Allah for Al-Hasan and Al-Husain and say: \"Your forefather (i.e. Abraham) used to seek Refuge with Allah for Ishmael and Isaac by reciting the following: 'O Allah! I seek Refuge with Your Perfect Words from every devil and from poisonous pests and from every evil, harmful, envious eye.'\""
  }
},
{
  "model": "dua_collection.translation",
  "pk": 55,
  "fields": {
    "dua": 55,
    "language": "en",
    "text": "Narrated by Ayesha A.S: I said: Messenger of Allah, how should I pray for them (How should I beg forgiveness for them)? He said: Say, Peace be upon the inhabitants of this city (graveyard) from among the Believers and the Muslims, and may Allah have mercy on those who have gone ahead of us, and those who come later on, and we shall, God willing, join you."
  }
},
{
  "model": "dua_collection.translation",
  "pk": 56,
  "fields": {
    "dua": 56,
    "language": "en",
    "text": "He is Allah, besides whom there is no god, the Knower of the unseen and the seen. He is All-Merciful, Very-Merciful (22). He is Allah, besides whom there is no god, the Sovereign, the Supreme-In-Holiness, the Safe (from all defects), the Giver-Of-Peace, the Guardian, the All-Mighty, the All-Repairer, the Sublime. Pure is Allah from what they associate with Him (23). He is Allah, the Creator, the Inventor, the Shaper. His are the Most Beautiful Names. His purity is proclaimed by all that is in the heavens and the earth, and He is the All-Mighty, the All-Wise (24). — T. Usmani"
  }
},
{
  "model": "dua_collection.translation",
  "pk": 57,
  "fields": {
    "dua": 57,
    "language": "en",
    "text": "Abu Hurairah narrated that: The Messenger of Allah (ﷺ) said: “Whoever sees an afflicted person then says: ‘All praise is due to Allah who saved me from that which He has afflicted you with, and blessed me greatly over many of those whom He has created, (Al-ḥamdulillāhi alladhī `āfānī mimmabtalāka bihī wa faḍḍalanī `alā kathīrin mimman khalaqa tafḍīla)’ he shall not be struck by that affliction.”"
  }
},
{
  "model": "dua_collection.translation",
  "pk": 58,
  "fields": {
    "dua": 58,
    "language": "en",
    "text": "Abdullah bin Buraidah Al Aslami narrated from his father, who said: “The Prophet (ﷺ) heard a man supplicating, and he was saying: ‘O Allah, indeed, I ask you by my testifying that You are Allah, there is none worthy of worship except You, the One, As-Samad, the one who does not beget, nor was begotten, and there is none who is like Him (Allāhumma innī as’aluka bi annī ashhadu annaka antallāh, lā ilāha illā ant, al-aḥaduṣ-ṣamad, alladhī lam yalid wa lam yūlad, wa lam yakun lahu kufuwan aḥad).” He said: “So he said: ‘By the One in Whose Hand is my soul, he has asked Allah by His Greatest Name, the one which if He is called upon by it, He responds, and when He is asked by it, He gives.’”(One of the narrators) Zaid said: “So I mentioned it to Zuhair bin Mu`awiyah years after that, and he said: Abu Ishaq reported to me from Malik bin Mighwal.’” Zaid said: “Then I mentioned it to Sufyan, so he reported it to me from Malik.”"
  }
},
{
  "model": "dua_collection.translation",
  "pk": 59,
  "fields": {
    "dua": 59,
    "language": "en",
    "text": "'Amr b. Shu'aib on his father's authority said that his grandfather (Abdullah ibn Amr ibn al-'As) reported the Prophet (ﷺ) said: If one of you marries a woman or buys a slave, he should say: \"O Allah, I ask You for the good in her, and in the disposition You have given her; I take refuge in You from the evil in her, and in the disposition You have given her.\" When he buys a camel, he should take hold of the top of its hump and say the same kind of thing. Abu Dawud said: Abu Sa'id added the following words in his version: He should then tale hold of her forelock and pray for blessing in the case of a woman or a slave."
  }
},
{
  "model": "dua_collection.translation",
  "pk": 60,
  "fields": {
    "dua": 60,
    "language": "en",
    "text": "Ibn Abbas narrated that: The Messenger of Allah said: \"If anyone of you, when having sexual intercourse with his wife, says: (Bismillah, Allahumma jannibnash-Shaitana wa jannibish-Shaitana ma razaqtana) 'In the Name of Allah, O Allah! Protect me from Shaitan and protect what you bestow upon us from Shaitan' - then if Allah decrees that they should have a child, Shaitan will not be able to harm him.'"
  }
},
{
  "model": "dua_collection.translation",
  "pk": 61,
  "fields": {
    "dua": 61,
    "language": "en",
    "text": "Anas reported God's messenger as saying, \"None of you must wish for death because he is afflicted by evil circumstances, but if he cannot help doing so he should say, ‘O God, give me life as long as life is better for me, and take me when death is better for me.’ ”(Bukhari and Muslim.)"
  }
},
{
  "model": "dua_collection.translation",
  "pk": 62,
  "fields": {
    "dua": 62,
    "language": "en",
    "text": "Abu Sa'eed narrated: \"The Messenger of Allah (s.a.w) said: 'How can I be comfortable when the one with the horn is holding it to his lip, his ears listening for when he will be ordered to blow, so he can blow.' It was as if that was very hard upon the Companions of the Prophet (s.a.w), so he said to them: 'Say: \"Allah is sufficent for us and what a good protector He is, and upon Allah we rely.\" [Abu' Eisa said:] This Hadith is Hasan. This Hadith has been reported through other routes from 'Atiyyah, from Abu Sa'eed [AlKhudri] from the Prophet SAW, similarly."
  }
},
{
  "model": "dua_collection.translation",
  "pk": 63,
  "fields": {
    "dua": 63,
    "language": "en",
    "text": "Salim bin Abdullah bin Umar narrated : from his father, that when the Messenger of Allah (ﷺ) would hear the sound of thunder and lightning bolts, he would say: “O Allah, do not kill us with Your wrath, and do not destroy us with Your punishment, and pardon us before that (Allāhumma lā taqtulnā bi-ghaḍabika wa lā tuhliknā bi-`adhābika wa `āfinā qabla dhālik).”"
  }
},
{
  "model": "dua_collection.translation",
  "pk": 64,
  "fields": {
    "dua": 64,
    "language": "en",
    "text": "Narrated AbuMalik Al-Ash'ari: The Prophet (ﷺ) said: When a man goes into his house, he should say: \"O Allah! I ask Thee for good both when entering and when going out; in the name of Allah we have entered, and in the name of Allah we have gone out, and in Allah our Lord do we trust.\" He should then greet his family."
  }
},
{
  "model": "dua_collection.translation",
  "pk": 65,
  "fields": {
    "dua": 65,
    "language": "en",
    "text": "She told that she heard God's messenger say in the course pf his prayer, \"0 God, grant me a light reckoning,\" and asked, \"Prophet of God, what is the light reckoning?\" He replied, \"That one's book should be examined and that God should forgive him. He who is severely taken to account that day, `A'isha, will perish.\""
  }
},
{
  "model": "dua_collection.translation",
  "pk": 66,
  "fields": {
    "dua": 66,
    "language": "en",
    "text": "It was narrated from 'Aishah that she said: \"O Messenger of Allah, what do you think I should say in my supplication, if I come upon Laylatul-Qadr?\" He said: \"Say: 'Allahumma innaka 'afuwwun tuhibbul-'afwa, fa'fu 'anni (O Allah, You are Forgiving and love forgiveness, so forgive me).\""
  }
}
]
